date,re
2015/1/5,0.320935643
2015/1/6,-0.069507221
2015/1/7,-0.305081708
2015/1/8,-0.615068408
2015/1/9,-0.123813286
2015/1/12,-0.149830182
2015/1/13,-0.407503448
2015/1/14,-0.378446498
2015/1/15,-0.402415648
2015/1/16,-0.446850886
2015/1/19,-0.362656377
2015/1/20,-0.326165241
2015/1/21,-0.157491166
2015/1/22,-0.284204796
2015/1/23,-0.327773833
2015/1/26,-0.496538442
2015/1/27,-0.194167045
2015/1/28,-0.378668482
2015/1/29,-0.333394907
2015/1/30,-0.43437025
2015/2/2,-0.185503168
2015/2/3,-0.301743054
2015/2/4,-0.218024452
2015/2/5,-0.377527786
2015/2/6,-0.163437366
2015/2/9,-0.329042862
2015/2/10,-0.348129704
2015/2/11,-0.263238079
2015/2/12,-0.357103828
2015/2/13,-0.18755328
2015/2/16,-0.234601508
2015/2/17,-0.409175125
2015/2/25,-0.247389407
2015/2/26,-0.249353011
2015/2/27,-0.312464212
2015/3/2,-0.431882945
2015/3/3,-0.426452394
2015/3/4,-0.382542174
2015/3/5,-0.401779674
2015/3/6,-0.33015906
2015/3/9,-0.235798768
2015/3/10,-0.570863817
2015/3/11,-0.175617095
2015/3/12,-0.221669559
2015/3/13,-0.330249006
2015/3/16,-0.371586051
2015/3/17,-0.251380525
2015/3/18,-0.369643026
2015/3/19,-0.288624574
2015/3/20,-0.359611821
2015/3/23,-0.093435212
2015/3/24,-0.269716646
2015/3/25,-0.350406088
2015/3/26,-0.200879637
2015/3/27,-0.443603948
2015/3/30,-0.309968545
2015/3/31,-0.338049965
2015/4/1,-0.387566295
2015/4/2,-0.308359371
2015/4/3,-0.368657022
2015/4/7,-0.322209997
2015/4/8,-0.42484809
2015/4/9,-0.317504736
2015/4/10,-0.415849292
2015/4/13,-0.32052027
2015/4/14,-0.179088731
2015/4/15,-0.247788879
2015/4/16,-0.215151071
2015/4/17,-0.332982714
2015/4/20,-0.340764862
2015/4/21,-0.246226556
2015/4/22,-0.322206991
2015/4/23,-0.290375068
2015/4/24,-0.297652608
2015/4/27,0.019582675
2015/4/28,-0.280583637
2015/4/29,-0.375816227
2015/4/30,-0.166065758
2015/5/4,-0.087077379
2015/5/5,-0.273505515
2015/5/6,-0.316375904
2015/5/7,-0.429835522
2015/5/8,-0.332895346
2015/5/11,-0.318748861
2015/5/12,-0.28985578
2015/5/13,-0.324551966
2015/5/14,-0.515151481
2015/5/15,-0.283624263
2015/5/18,-0.147654176
2015/5/19,-0.364636705
2015/5/20,-0.53048806
2015/5/21,-0.306401314
2015/5/22,-0.266276717
2015/5/25,-0.293343205
2015/5/26,-0.09592168
2015/5/27,-0.305348291
2015/5/28,-0.213429772
2015/5/29,-0.201564268
2015/6/1,-0.291481494
2015/6/2,-0.415610923
2015/6/3,-0.371650874
2015/6/4,-0.278166998
2015/6/5,-0.370028516
2015/6/8,-0.300093853
2015/6/9,-0.305802009
2015/6/10,-0.303468598
2015/6/11,-0.322680579
2015/6/12,-0.302660755
2015/6/15,-0.550053392
2015/6/16,0.159400798
2015/6/17,-0.617211002
2015/6/18,-0.459400452
2015/6/19,-0.305326646
2015/6/23,-0.25048493
2015/6/24,-0.29447184
2015/6/25,-0.479790208
2015/6/26,-0.34708027
2015/6/29,-0.406584395
2015/6/30,-0.537474835
2015/7/1,-0.109322405
2015/7/2,-0.210456157
2015/7/3,-0.141464661
2015/7/6,-0.654829478
2015/7/7,-0.459948702
2015/7/8,-0.607506331
2015/7/9,-0.263980404
2015/7/10,-0.237331211
2015/7/13,-0.371590831
2015/7/14,-0.303395287
2015/7/15,-0.287397507
2015/7/16,-0.247984977
2015/7/17,-0.344873929
2015/7/20,-0.293581738
2015/7/21,-0.266413784
2015/7/22,-0.359938845
2015/7/23,-0.274389349
2015/7/24,-0.465971002
2015/7/27,-0.31557572
2015/7/28,-0.393767674
2015/7/29,-0.312217419
2015/7/30,-0.232648938
2015/7/31,-0.317137011
2015/8/3,-0.368159339
2015/8/4,-0.481487568
2015/8/5,-0.47454413
2015/8/6,-0.317229209
2015/8/7,-0.370184664
2015/8/10,-0.310228761
2015/8/11,-0.324457727
2015/8/12,-0.315616557
2015/8/13,-0.34971792
2015/8/14,-0.32769465
2015/8/17,-0.335365786
2015/8/18,-0.339875707
2015/8/19,-0.312320793
2015/8/20,-0.320600688
2015/8/21,-0.320262095
2015/8/24,-0.607366229
2015/8/25,-0.408489224
2015/8/26,-0.347231408
2015/8/27,-0.238944243
2015/8/28,-0.247835376
2015/8/31,-0.396342116
2015/9/1,-0.319345136
2015/9/2,-0.375703127
2015/9/7,-0.245006529
2015/9/8,-0.280888736
2015/9/9,-0.272367688
2015/9/10,-0.296478072
2015/9/11,-0.265237499
2015/9/14,-0.355662724
2015/9/15,-0.376448859
2015/9/16,-0.242194066
2015/9/17,-0.289530078
2015/9/18,-0.348027778
2015/9/21,-0.26678078
2015/9/22,-0.382207728
2015/9/23,-0.326636675
2015/9/24,-0.323745404
2015/9/25,-0.297619282
2015/9/28,-0.315901242
2015/9/29,-0.415719183
2015/9/30,-0.340493003
2015/10/8,-0.253385144
2015/10/9,-0.263832837
2015/10/12,-0.319877474
2015/10/13,-0.34455627
2015/10/14,-0.326432364
2015/10/15,-0.315079592
2015/10/16,-0.319771291
2015/10/19,-0.42877788
2015/10/20,-0.316407072
2015/10/21,-0.390057871
2015/10/22,-0.330522407
2015/10/23,-0.311586323
2015/10/26,-0.450265476
2015/10/27,-0.371778779
2015/10/28,-0.341453965
2015/10/29,-0.301005831
2015/10/30,-0.42939798
2015/11/2,-0.30753016
2015/11/3,-0.422981364
2015/11/4,-0.285018051
2015/11/5,-0.368325509
2015/11/6,-0.303771548
2015/11/9,-0.336120346
2015/11/10,-0.270728287
2015/11/11,-0.355860909
2015/11/12,-0.335930327
2015/11/13,-0.273035228
2015/11/16,-0.379818762
2015/11/17,0.186898515
2015/11/18,-0.309793431
2015/11/19,-0.394939286
2015/11/20,-0.315163451
2015/11/23,-0.322568091
2015/11/24,-0.320032444
2015/11/25,-0.147218538
2015/11/26,-0.219951516
2015/11/27,-0.343906726
2015/11/30,-0.324752086
2015/12/1,-0.209197999
2015/12/2,-0.262127752
2015/12/3,-0.34029621
2015/12/4,-0.302130616
2015/12/7,-0.218075111
2015/12/8,-0.328398191
2015/12/9,-0.319573153
2015/12/10,-0.362267732
2015/12/11,-0.263902067
2015/12/14,-0.313374939
2015/12/15,-0.32345552
2015/12/16,-0.320224493
2015/12/17,-0.301662925
2015/12/18,-0.261888309
2015/12/21,-0.182252481
2015/12/22,-0.36229531
2015/12/23,-0.356063515
2015/12/24,-0.384466902
2015/12/25,-0.350997271
2015/12/28,-0.340880427
2015/12/29,-0.315156337
2015/12/30,-0.270254531
2015/12/31,-0.374014995
2016/1/4,-0.396745967
2016/1/5,-0.460605938
2016/1/6,-0.602581443
2016/1/7,-0.532491464
2016/1/8,-0.359482725
2016/1/11,-0.472503638
2016/1/12,-0.392014562
2016/1/13,-0.203966753
2016/1/14,-0.295608162
2016/1/15,-0.372712926
2016/1/18,-0.09347758
2016/1/19,-0.226820168
2016/1/20,-0.32916411
2016/1/21,-0.365876248
2016/1/22,-0.250956687
2016/1/25,-0.367374481
2016/1/26,-0.356022179
2016/1/27,-0.232372608
2016/1/28,-0.406604856
2016/1/29,-0.309614036
2016/2/1,-0.322714105
2016/2/2,-0.34709807
2016/2/3,-0.380355009
2016/2/4,-0.286927813
2016/2/5,-0.340869699
2016/2/15,-0.179817372
2016/2/16,-0.279861765
2016/2/17,-0.47934781
2016/2/18,-0.283948938
2016/2/19,-0.200060511
2016/2/22,-0.292033142
2016/2/23,-0.34847076
2016/2/24,-0.351296389
2016/2/25,-0.359179475
2016/2/26,-0.387828813
2016/2/29,-0.340305249
2016/3/1,-0.30640723
2016/3/2,-0.195175011
2016/3/3,-0.289675441
2016/3/4,-0.01886548
2016/3/7,-0.08842578
2016/3/8,-0.466654094
2016/3/9,-0.447245617
2016/3/10,-0.426149086
2016/3/11,-0.315622959
2016/3/14,-0.138126753
2016/3/15,-0.562787924
2016/3/16,-0.241567176
2016/3/17,-0.037555377
2016/3/18,-0.274062797
2016/3/21,-0.39587743
2016/3/22,-0.373374131
2016/3/23,-0.374829517
2016/3/24,-0.412271861
2016/3/25,-0.23058377
2016/3/28,-0.375268384
2016/3/29,-0.401177196
2016/3/30,-0.306524936
2016/3/31,-0.369916301
2016/4/1,-0.224004754
2016/4/5,-0.283329919
2016/4/6,-0.261085822
2016/4/7,-0.338340207
2016/4/8,-0.308457218
2016/4/11,-0.074470714
2016/4/12,-0.111414876
2016/4/13,-0.766090354
2016/4/14,-0.125619444
2016/4/15,-0.255863473
2016/4/18,-0.117977598
2016/4/19,-0.184784469
2016/4/20,-0.129807733
2016/4/21,-0.167000279
2016/4/22,-0.55554413
2016/4/25,-0.298851001
2016/4/26,-0.315352945
2016/4/27,-0.36339847
2016/4/28,-0.406695236
2016/4/29,-0.302231435
2016/5/3,-0.205172394
2016/5/4,-0.440192647
2016/5/5,-0.451643228
2016/5/6,-0.381023182
2016/5/9,-0.534274219
2016/5/10,-0.26361177
2016/5/11,-0.337569718
2016/5/12,-0.238078798
2016/5/13,-0.61578569
2016/5/16,-0.339937835
2016/5/17,-0.282540976
2016/5/18,-0.386455813
2016/5/19,-0.428675475
2016/5/20,-0.309615187
2016/5/23,-0.552349213
2016/5/24,-0.330360014
2016/5/25,-0.377017496
2016/5/26,-0.165416225
2016/5/27,-0.292629611
2016/5/30,-0.363126028
2016/5/31,-0.40277801
2016/6/1,-0.367572715
2016/6/2,-0.251107557
2016/6/3,-0.27019274
2016/6/6,-0.236742385
2016/6/7,-0.381808697
2016/6/8,-0.371170061
2016/6/13,-0.260661544
2016/6/14,-0.411104136
2016/6/15,-0.349562064
2016/6/16,-0.176361954
2016/6/17,-0.182118271
2016/6/20,-0.269040027
2016/6/21,-0.367802954
2016/6/22,-0.211212087
2016/6/23,-0.359221542
2016/6/24,-0.355295291
2016/6/27,-0.151912961
2016/6/28,-0.333481357
2016/6/29,-0.338770279
2016/6/30,-0.249826019
2016/7/1,-0.28172146
2016/7/4,-0.035552926
2016/7/5,-0.399105068
2016/7/6,-0.647857172
2016/7/7,-0.32662822
2016/7/8,-0.550875697
2016/7/11,-0.251879171
2016/7/12,-0.2333404
2016/7/13,-0.393392081
2016/7/14,-0.313227983
2016/7/15,-0.325862647
2016/7/18,-0.143991876
2016/7/19,-0.212982505
2016/7/20,-0.224142905
2016/7/21,-0.245972371
2016/7/22,-0.451421666
2016/7/25,-0.447816854
2016/7/26,-0.329504888
2016/7/27,-0.319447018
2016/7/28,-0.269097798
2016/7/29,-0.510126409
2016/8/1,-0.242528867
2016/8/2,-0.39212592
2016/8/3,-0.29693218
2016/8/4,-0.45247041
2016/8/5,-0.308231944
2016/8/8,-0.273869647
2016/8/9,-0.447937925
2016/8/10,-0.32423485
2016/8/11,-0.260030417
2016/8/12,-0.263341972
2016/8/15,-0.309865921
2016/8/16,-0.26631376
2016/8/17,-0.318517636
2016/8/18,-0.342231524
2016/8/19,-0.305027035
2016/8/22,-0.413822309
2016/8/23,-0.343542434
2016/8/24,-0.316027334
2016/8/25,-0.398115996
2016/8/26,-0.332139066
2016/8/29,-0.333535343
2016/8/30,-0.388490626
2016/8/31,-0.358279062
2016/9/1,-0.208534171
2016/9/2,-0.275504226
2016/9/5,-0.24136355
2016/9/6,-0.340483545
2016/9/7,-0.334143103
2016/9/8,-0.301206332
2016/9/9,-0.352368942
2016/9/12,-0.45342345
2016/9/13,-0.292012315
2016/9/14,-0.264024261
2016/9/19,-0.190136981
2016/9/20,-0.198320959
2016/9/21,-0.26583907
2016/9/22,-0.164867244
2016/9/23,-0.28735871
2016/9/26,-0.35603222
2016/9/27,-0.405541711
2016/9/28,-0.26476135
2016/9/29,-0.307354514
2016/9/30,-0.406466999
2016/10/10,-0.084935425
2016/10/11,-0.127419582
2016/10/12,-0.345974013
2016/10/13,-0.377118054
2016/10/14,-0.160086521
2016/10/17,-0.368067612
2016/10/18,-0.236447415
2016/10/19,-0.574183631
2016/10/20,-0.325543414
2016/10/21,-0.337011028
2016/10/24,-0.217612024
2016/10/25,-0.278935032
2016/10/26,-0.29055961
2016/10/27,-0.251216644
2016/10/28,-0.302410717
2016/10/31,-0.341785286
2016/11/1,-0.329575532
2016/11/2,-0.388612185
2016/11/3,-0.306329628
2016/11/4,-0.311700845
2016/11/7,-0.106488285
2016/11/8,-0.031006846
2016/11/9,-0.264978045
2016/11/10,-0.106647578
2016/11/11,-0.15519046
2016/11/14,-0.511686563
2016/11/15,-0.190762468
2016/11/16,1
2016/11/17,-0.236869192
2016/11/18,-0.409804803
2016/11/21,0.088392698
2016/11/22,-0.138346666
2016/11/23,-0.279905543
2016/11/24,-0.198874343
2016/11/25,-0.266676829
2016/11/28,0.109974107
2016/11/29,-0.533983941
2016/11/30,-0.735049595
2016/12/1,-0.192736532
2016/12/2,-0.347051854
2016/12/5,-0.019803792
2016/12/6,-0.268171679
2016/12/7,-0.09375426
2016/12/8,-0.442541488
2016/12/9,-0.108086621
2016/12/12,-0.149904347
2016/12/13,0.035568599
2016/12/14,-0.160358323
2016/12/15,-0.425925818
2016/12/16,-0.429200045
2016/12/19,-0.385501664
2016/12/20,-0.491675238
2016/12/21,-0.170113949
2016/12/22,-0.620449636
2016/12/23,-0.253661717
2016/12/26,-0.731944142
2016/12/27,-0.192365131
2016/12/28,-0.386584243
2016/12/29,-0.023739554
2016/12/30,-0.254444552
2017/1/3,-0.245376544
2017/1/4,-0.211828239
2017/1/5,-0.497692546
2017/1/6,-0.388080212
2017/1/9,0.158998923
2017/1/10,-0.090262607
2017/1/11,-0.122067309
2017/1/12,0.096909178
2017/1/13,-0.383989181
2017/1/16,0.359876838
2017/1/17,-0.424211465
2017/1/18,-0.213859733
2017/1/19,-0.279052776
2017/1/20,-0.891844097
2017/1/23,-0.285816478
2017/1/24,-0.198079786
2017/1/25,-0.18602291
2017/1/26,0.09194032
2017/2/3,-0.70864309
2017/2/6,-0.37740826
2017/2/7,-0.013000694
2017/2/8,-0.154307919
2017/2/9,-0.347729459
2017/2/10,-0.031895639
2017/2/13,0.060703939
2017/2/14,-0.267155936
2017/2/15,-0.492585867
2017/2/16,-0.222891315
2017/2/17,-1
2017/2/20,-0.212207944
2017/2/21,-0.38732959
2017/2/22,-0.380836434
2017/2/23,-0.688524021
2017/2/24,-0.400819278
2017/2/27,-0.293107377
2017/2/28,-0.353090124
2017/3/1,-0.234576893
2017/3/2,-0.307281009
2017/3/3,-0.287394287
2017/3/6,-0.094091703
2017/3/7,-0.277734445
2017/3/8,-0.282666857
2017/3/9,-0.877114444
2017/3/10,-0.233276113
2017/3/13,-0.399603236
2017/3/14,-0.2726795
2017/3/15,-0.425920204
2017/3/16,-0.218940427
2017/3/17,0.079617344
2017/3/20,-0.365759507
2017/3/21,-0.526424684
2017/3/22,-0.627557142
2017/3/23,-0.359639895
2017/3/24,-0.365061454
2017/3/27,-0.70846317
2017/3/28,-0.148492172
2017/3/29,-0.268714337
2017/3/30,-0.175568897
2017/3/31,-0.402687161
2017/4/5,-0.311198195
2017/4/6,-0.170518799
2017/4/7,-0.661416406
2017/4/10,-0.485120465
2017/4/11,-0.391872406
2017/4/12,-0.57864785
2017/4/13,-0.30138453
2017/4/14,-0.289391978
2017/4/17,-0.308046527
2017/4/18,-0.325722173
2017/4/19,-0.401729341
2017/4/20,-0.111867289
2017/4/21,-0.301110106
2017/4/24,-0.296923375
2017/4/25,-0.364110612
2017/4/26,-0.372246648
2017/4/27,-0.286468267
2017/4/28,-0.235383106
2017/5/2,-0.074842731
2017/5/3,-0.359724213
2017/5/4,-0.733988706
2017/5/5,-0.561135887
2017/5/8,-0.347422195
2017/5/9,-0.299714499
2017/5/10,-0.433594184
2017/5/11,-0.112446382
2017/5/12,-0.385216855
2017/5/15,-0.211348553
2017/5/16,-0.134530643
2017/5/17,-0.313352041
2017/5/18,-0.512238214
2017/5/19,-0.155385864
2017/5/22,-0.310431031
2017/5/23,-0.241287001
2017/5/24,-0.426642523
2017/5/25,-0.275254435
2017/5/26,-0.474985782
2017/5/31,-0.678322136
2017/6/1,-0.398980304
2017/6/2,-0.284151991
2017/6/5,-0.29736457
2017/6/6,-0.307962843
2017/6/7,-0.354185374
2017/6/8,-0.273262266
2017/6/9,-0.312668769
2017/6/12,-0.225067814
2017/6/13,-0.281769071
2017/6/14,-0.212962411
2017/6/15,-0.477392661
2017/6/16,-0.057691274
2017/6/19,-0.449440249
2017/6/20,-0.342806147
2017/6/21,-0.342114743
2017/6/22,-0.431977845
2017/6/23,-0.161251047
2017/6/26,-0.305072823
2017/6/27,-0.30355382
2017/6/28,-0.129587825
2017/6/29,-0.016226447
2017/6/30,-0.505879224
2017/7/3,-0.245204043
2017/7/4,-0.598399242
2017/7/5,-0.311238162
2017/7/6,-0.414506803
2017/7/7,-0.311308247
2017/7/10,-0.218940075
2017/7/11,-0.351143488
2017/7/12,-0.245332445
2017/7/13,-0.218248624
2017/7/14,-0.308068202
2017/7/17,-0.308586166
2017/7/18,-0.185723326
2017/7/19,-0.013382778
2017/7/20,-0.218479227
2017/7/21,-0.371079348
2017/7/24,-0.509465069
2017/7/25,-0.285995715
2017/7/26,-0.397673247
2017/7/27,-0.286323477
2017/7/28,-0.729025599
2017/7/31,-0.371910694
2017/8/1,-0.235431578
2017/8/2,-0.301167779
2017/8/3,-0.351335292
2017/8/4,-0.250772066
2017/8/7,-0.339975558
2017/8/8,-0.321878527
2017/8/9,0.076928227
2017/8/10,-0.53736265
2017/8/11,0.08111053
2017/8/14,-0.725092759
2017/8/15,-0.344870434
2017/8/16,-0.177029707
2017/8/17,-0.257703481
2017/8/18,-0.265680627
2017/8/21,-0.2781158
2017/8/22,-0.314431568
2017/8/23,-0.366312176
2017/8/24,-0.30920516
2017/8/25,-0.206611757
2017/8/28,-0.330397291
2017/8/29,-0.368709693
2017/8/30,-0.301975637
2017/8/31,-0.283083376
2017/9/1,-0.276129304
2017/9/4,-0.084329081
2017/9/5,-0.235959085
2017/9/6,-0.18902507
2017/9/7,-0.328191808
2017/9/8,-0.570691928
2017/9/11,-0.33392399
2017/9/12,-0.378852877
2017/9/13,-0.216937773
2017/9/14,-0.392747405
2017/9/15,-0.560356933
2017/9/18,-0.423626564
2017/9/19,-0.385122073
2017/9/20,-0.313468755
2017/9/21,-0.518325043
2017/9/22,-0.297018814
2017/9/25,-0.263157757
2017/9/26,-0.257084847
2017/9/27,-0.295037932
2017/9/28,-0.716343644
2017/9/29,-0.522986824
2017/10/9,-0.276669808
2017/10/10,-0.275456606
2017/10/11,-0.272813985
2017/10/12,-0.318455579
2017/10/13,-0.324449344
2017/10/16,0.032742564
2017/10/17,-0.542613851
2017/10/18,-0.329404069
2017/10/19,-0.372097075
2017/10/20,-0.239111069
2017/10/23,-0.366007696
2017/10/24,-0.316937641
2017/10/25,-0.289531415
2017/10/26,-0.311145164
2017/10/27,-0.382853866
2017/10/30,-0.359602066
2017/10/31,-0.371665552
2017/11/1,-0.208725844
2017/11/2,-0.237837077
2017/11/3,-0.293596612
2017/11/6,-0.107281149
2017/11/7,-0.34234576
2017/11/8,-0.366955433
2017/11/9,-0.312612878
2017/11/10,-0.408101703
2017/11/13,-0.282886681
2017/11/14,-0.312267694
2017/11/15,-0.514571136
2017/11/16,0.557415473
2017/11/17,-0.25139201
2017/11/20,-0.249348834
2017/11/21,-0.334481281
2017/11/22,-0.328952436
2017/11/23,-0.16420063
2017/11/24,-0.247783531
2017/11/27,-0.494436716
2017/11/28,-0.260103766
2017/11/29,-0.217545623
2017/11/30,-0.416791303
2017/12/1,-0.054271842
2017/12/4,-0.142252081
2017/12/5,-0.378722414
2017/12/6,-0.479427658
2017/12/7,-0.461384013
2017/12/8,-0.296881653
2017/12/11,-0.331239155
2017/12/12,-0.243834102
2017/12/13,-0.323598401
2017/12/14,-0.222777236
2017/12/15,-0.239679917
2017/12/18,-0.24365564
2017/12/19,-0.37157851
2017/12/20,-0.290312036
2017/12/21,-0.342132214
2017/12/22,-0.475889929
2017/12/25,-0.302103251
2017/12/26,-0.186856425
2017/12/27,-0.350509801
2017/12/28,-0.29104199
2017/12/29,-0.35663621
2018/1/2,-0.210144463
2018/1/3,-0.320055493
2018/1/4,-0.373303362
2018/1/5,-0.329006228
2018/1/8,-0.327803286
2018/1/9,-0.296098958
2018/1/10,-0.314803664
2018/1/11,-0.261800103
2018/1/12,-0.223428666
2018/1/15,-0.247793962
2018/1/16,-0.275245878
2018/1/17,-0.325126599
2018/1/18,-0.280698069
2018/1/19,-0.350621035
2018/1/22,-0.316279991
2018/1/23,-0.486162525
2018/1/24,-0.327816689
2018/1/25,-0.280122297
2018/1/26,-0.31121857
2018/1/29,-0.316291242
2018/1/30,-0.319259343
2018/1/31,-0.625885179
2018/2/1,-0.329308926
2018/2/2,-0.349405056
2018/2/5,-0.380756854
2018/2/6,-0.387913591
2018/2/7,-0.316462232
2018/2/8,-0.398089425
2018/2/9,-0.315897239
2018/2/12,-0.248391192
2018/2/13,-0.376752912
2018/2/14,-0.303247062
2018/2/22,-0.297094633
2018/2/23,-0.164153442
2018/2/26,-0.219527481
2018/2/27,-0.369556143
2018/2/28,-0.322223021
2018/3/1,-0.297838273
2018/3/2,-0.330040419
2018/3/5,-0.260349027
2018/3/6,-0.221034521
2018/3/7,-0.401180265
2018/3/8,-0.346943767
2018/3/9,-0.606037264
2018/3/12,-0.202517363
2018/3/13,-0.292144416
2018/3/14,-0.302616764
2018/3/15,-0.299924415
2018/3/16,-0.172447658
2018/3/19,-0.438922854
2018/3/20,-0.406499397
2018/3/21,-0.337842973
2018/3/22,-0.302993017
2018/3/23,-0.327677284
2018/3/26,-0.690179814
2018/3/27,-0.367672214
2018/3/28,-0.314898486
2018/3/29,-0.35917161
2018/3/30,-0.343493457
2018/4/2,-0.318042052
2018/4/3,-0.318044467
2018/4/4,-0.315836582
2018/4/9,-0.31700628
2018/4/10,-0.318302913
2018/4/11,-0.665552712
2018/4/12,-0.129239422
2018/4/13,-0.41409985
2018/4/16,-0.645654199
2018/4/17,0.083616587
2018/4/18,-0.258825787
2018/4/19,-0.045921594
2018/4/20,-0.393165353
2018/4/23,-0.279254869
2018/4/24,-0.378383223
2018/4/25,-0.308130836
2018/4/26,-0.382133153
2018/4/27,-0.376278275
2018/5/2,-0.219447573
2018/5/3,-0.282906897
2018/5/4,-0.296373496
2018/5/7,-0.236460113
2018/5/8,-0.321732932
2018/5/9,-0.365079699
2018/5/10,-0.32720326
2018/5/11,-0.286514679
2018/5/14,-0.325224573
2018/5/15,-0.480196751
2018/5/16,-0.254367924
2018/5/17,-0.322191925
2018/5/18,-0.197124927
2018/5/21,-0.063486346
2018/5/22,-0.33702997
2018/5/23,-0.541095046
2018/5/24,-0.319104757
2018/5/25,-0.264880193
2018/5/28,-0.361328018
2018/5/29,-0.231310805
2018/5/30,-0.334946535
2018/5/31,-0.47899342
2018/6/1,-0.277668693
2018/6/4,-0.38143393
2018/6/5,-0.193617717
2018/6/6,-0.385972999
2018/6/7,-0.329348306
2018/6/8,-0.309529677
2018/6/11,-0.449463764
2018/6/12,-0.304625395
2018/6/13,-0.323491831
2018/6/14,-0.316310006
2018/6/15,-0.31220639
2018/6/19,-0.759811601
2018/6/20,-0.307654119
2018/6/21,-0.318709234
2018/6/22,-0.261643263
2018/6/25,-0.319065578
2018/6/26,-0.305907514
2018/6/27,-0.324310428
2018/6/28,-0.304473282
2018/6/29,-0.28065551
2018/7/2,-0.348324116
2018/7/3,-0.262139992
2018/7/4,-0.388824229
2018/7/5,-0.335014983
2018/7/6,-0.332087608
2018/7/9,-0.250071189
2018/7/10,-0.315554251
2018/7/11,-0.338928955
2018/7/12,-0.323034233
2018/7/13,-0.325128279
2018/7/16,-0.321319161
2018/7/17,-0.344930365
2018/7/18,-0.322591519
2018/7/19,-0.361890166
2018/7/20,-0.328124215
2018/7/23,-0.375283272
2018/7/24,-0.3246234
2018/7/25,-0.276264431
2018/7/26,-0.34247312
2018/7/27,-0.328946975
2018/7/30,-0.258726972
2018/7/31,-0.331022158
2018/8/1,-0.362756944
2018/8/2,-0.381519803
2018/8/3,-0.275806018
2018/8/6,-0.2674103
2018/8/7,-0.256354573
2018/8/8,-0.345887133
2018/8/9,-0.325296099
2018/8/10,-0.325940209
2018/8/13,-0.324406076
2018/8/14,-0.320323001
2018/8/15,-0.321068756
2018/8/16,-0.448705172
2018/8/17,-0.367915194
2018/8/20,-0.271395758
2018/8/21,-0.039798528
2018/8/22,-0.335794836
2018/8/23,-0.34510418
2018/8/24,-0.296722162
2018/8/27,-0.310273601
2018/8/28,-0.420794304
2018/8/29,-0.305735389
2018/8/30,-0.288998703
2018/8/31,-0.345929218
2018/9/3,-0.415618942
2018/9/4,-0.313174141
2018/9/5,-0.316603729
2018/9/6,-0.290963089
2018/9/7,-0.308083868
2018/9/10,-0.315909541
2018/9/11,-0.334828488
2018/9/12,-0.287808364
2018/9/13,-0.212321205
2018/9/14,-0.351086749
2018/9/17,-0.385423131
2018/9/18,-0.301946709
2018/9/19,-0.320562834
2018/9/20,-0.207666903
2018/9/21,-0.269765931
2018/9/25,-0.299879709
2018/9/26,-0.303729248
2018/9/27,-0.42049008
2018/9/28,-0.341689179
2018/10/8,-0.332737065
2018/10/9,-0.196519226
2018/10/10,-0.328734239
2018/10/11,-0.316508369
2018/10/12,-0.320815963
2018/10/15,-0.324917052
2018/10/16,-0.419704858
2018/10/17,-0.265490785
2018/10/18,-0.413675698
2018/10/19,-0.304768819
2018/10/22,-0.287530688
2018/10/23,-0.358792249
2018/10/24,-0.315453767
2018/10/25,-0.371107305
2018/10/26,-0.297469389
2018/10/29,-0.454522217
2018/10/30,-0.29474914
2018/10/31,-0.429317068
2018/11/1,-0.317747436
2018/11/2,-0.270416324
2018/11/5,-0.411938928
2018/11/6,-0.245868262
2018/11/7,-0.290898951
2018/11/8,-0.333005849
2018/11/9,-0.350526544
2018/11/12,-0.413431656
2018/11/13,-0.276180563
2018/11/14,-0.297435271
2018/11/15,-0.316860156
2018/11/16,0.185881273
2018/11/19,-0.339914592
2018/11/20,-0.416585152
2018/11/21,-0.348871466
2018/11/22,-0.37802633
2018/11/23,-0.344818791
2018/11/26,-0.22241147
2018/11/27,-0.389145037
2018/11/28,-0.271780474
2018/11/29,-0.317929355
2018/11/30,-0.301511281
2018/12/3,-0.328752293
2018/12/4,-0.308223353
2018/12/5,-0.289648794
2018/12/6,-0.333062246
2018/12/7,-0.307691814
2018/12/10,-0.321525695
2018/12/11,-0.355629293
2018/12/12,-0.289326251
2018/12/13,-0.268682519
2018/12/14,-0.338651461
2018/12/17,-0.299810965
2018/12/18,-0.288586122
2018/12/19,-0.369562315
2018/12/20,-0.246540079
2018/12/21,-0.383008105
2018/12/24,-0.308202991
2018/12/25,-0.425006291
2018/12/26,-0.33206201
2018/12/27,-0.244662119
2018/12/28,-0.299396146
2019/1/2,-0.315345405
2019/1/3,-0.247303647
2019/1/4,-0.140831648
2019/1/7,-0.368668956
2019/1/8,-0.30333738
2019/1/9,-0.290081201
2019/1/10,-0.371557923
2019/1/11,-0.355469657
2019/1/14,-0.341561572
2019/1/15,-0.348655962
2019/1/16,-0.184213735
2019/1/17,-0.293274388
2019/1/18,-0.311282896
2019/1/21,-0.204858741
2019/1/22,-0.398581092
2019/1/23,-0.311635362
2019/1/24,-0.355171003
2019/1/25,-0.346950409
2019/1/28,-0.28798691
2019/1/29,-0.397324665
2019/1/30,-0.267322348
2019/1/31,-0.430311198
2019/2/1,-0.283047031
2019/2/11,-0.293699388
2019/2/12,-0.299709903
2019/2/13,-0.268158839
2019/2/14,-0.223801231
2019/2/15,-0.337987193
2019/2/18,-0.331215072
2019/2/19,-0.113245021
2019/2/20,-0.259609982
2019/2/21,-0.306312576
2019/2/22,-0.371808262
2019/2/25,-0.218816325
2019/2/26,-0.318018796
2019/2/27,-0.318156904
2019/2/28,-0.31275051
2019/3/1,-0.248536524
2019/3/4,-0.40265306
2019/3/5,-0.232594073
2019/3/6,-0.310649037
2019/3/7,-0.50999302
2019/3/8,-0.361359564
2019/3/11,-0.28413575
2019/3/12,-0.361121584
2019/3/13,-0.306744193
2019/3/14,-0.291147157
2019/3/15,-0.378873029
2019/3/18,-0.334662186
2019/3/19,-0.318519054
2019/3/20,-0.30251307
2019/3/21,-0.264220341
2019/3/22,-0.319843161
2019/3/25,-0.314825549
2019/3/26,-0.457943736
2019/3/27,-0.371973518
2019/3/28,-0.321856345
2019/3/29,-0.317320774
2019/4/1,-0.308857476
2019/4/2,-0.403160783
2019/4/3,-0.163363684
2019/4/4,-0.219002378
2019/4/8,-0.3062611
2019/4/9,-0.312370554
2019/4/10,-0.39851024
2019/4/11,-0.332567756
2019/4/12,-0.448669592
2019/4/15,-0.323787563
2019/4/16,-0.221103182
2019/4/17,-0.343330369
2019/4/18,-0.415662726
2019/4/19,-0.296409562
2019/4/22,-0.30615511
2019/4/23,-0.304166159
2019/4/24,-0.336567822
2019/4/25,-0.310760361
2019/4/26,-0.423378438
2019/4/29,-0.333703741
2019/4/30,-0.145362171
2019/5/6,-0.311920145
2019/5/7,-0.223629392
2019/5/8,-0.317819849
2019/5/9,-0.33925156
2019/5/10,-0.339973102
2019/5/13,-0.264534685
2019/5/14,-0.447103858
2019/5/15,-0.282224096
2019/5/16,-0.047780771
2019/5/17,-0.327241121
2019/5/20,-0.361902972
2019/5/21,-0.168419679
2019/5/22,-0.567338273
2019/5/23,-0.380935013
2019/5/24,-0.257249076
2019/5/27,-0.355763806
2019/5/28,-0.243559389
2019/5/29,-0.177878129
2019/5/30,-0.327695969
2019/5/31,-0.297346526
2019/6/3,-0.483497738
2019/6/4,-0.31646048
2019/6/5,-0.228389196
2019/6/6,-0.329827881
2019/6/10,-0.114016023
2019/6/11,-0.296962927
2019/6/12,-0.448027291
2019/6/13,-0.354702881
2019/6/14,-0.32934707
2019/6/17,-0.388364633
2019/6/18,-0.312695775
2019/6/19,-0.32316633
2019/6/20,-0.338558164
2019/6/21,-0.316067482
2019/6/24,-0.387930315
2019/6/25,-0.297587614
2019/6/26,-0.2972574
2019/6/27,-0.344761168
2019/6/28,-0.420023316
2019/7/1,-0.32747657
2019/7/2,-0.409486138
2019/7/3,-0.293501952
2019/7/4,-0.341759485
2019/7/5,-0.261072813
2019/7/8,-0.326493862
2019/7/9,-0.531181844
2019/7/10,-0.47580633
2019/7/11,-0.215029417
2019/7/12,-0.311446774
2019/7/15,-0.371772213
2019/7/16,-0.347234272
2019/7/17,-0.299562289
2019/7/18,-0.267782845
2019/7/19,-0.298169406
2019/7/22,-0.326198834
2019/7/23,-0.295503827
2019/7/24,-0.346296106
2019/7/25,-0.24398029
2019/7/26,-0.337994837
2019/7/29,-0.39876929
2019/7/30,-0.309834659
2019/7/31,-0.324118592
2019/8/1,-0.349211775
2019/8/2,-0.428360773
2019/8/5,-0.380199344
2019/8/6,-0.229900084
2019/8/7,-0.3152674
2019/8/8,-0.239186289
2019/8/9,-0.336984605
2019/8/12,-0.349786893
2019/8/13,-0.367334476
2019/8/14,-0.328120501
2019/8/15,-0.327688997
2019/8/16,-0.288134264
2019/8/19,-0.238443992
2019/8/20,-0.337016458
2019/8/21,-0.374492472
2019/8/22,-0.323248414
2019/8/23,-0.339065378
2019/8/26,-0.282272347
2019/8/27,-0.307136305
2019/8/28,-0.262921215
2019/8/29,-0.329970987
2019/8/30,-0.268524926
2019/9/2,-0.325493086
2019/9/3,-0.230324058
2019/9/4,-0.222644218
2019/9/5,-0.327194499
2019/9/6,-0.372765941
2019/9/9,-0.243339746
2019/9/10,-0.348060797
2019/9/11,-0.306283335
2019/9/12,-0.334672406
2019/9/16,-0.277471229
2019/9/17,-0.312336589
2019/9/18,-0.328499505
2019/9/19,-0.329786951
2019/9/20,-0.354686779
2019/9/23,-0.311859717
2019/9/24,-0.297590739
2019/9/25,-0.340210868
2019/9/26,-0.358057875
2019/9/27,-0.539367811
2019/9/30,-0.242964639
2019/10/8,-0.359157545
2019/10/9,-0.308465116
2019/10/10,-0.319817271
2019/10/11,-0.300790253
2019/10/14,-0.317320706
2019/10/15,-0.320301827
2019/10/16,-0.266781538
2019/10/17,-0.310834744
2019/10/18,-0.240083753
2019/10/21,-0.333078191
2019/10/22,-0.278992246
2019/10/23,-0.307325691
2019/10/24,-0.338846672
2019/10/25,-0.310873141
2019/10/28,-0.37885639
2019/10/29,-0.291354561
2019/10/30,-0.243343062
2019/10/31,-0.294658669
2019/11/1,-0.357986789
2019/11/4,-0.338982207
2019/11/5,-0.208059001
2019/11/6,-0.347539515
2019/11/7,-0.32463415
2019/11/8,-0.375914667
2019/11/11,-0.335687004
2019/11/12,-0.356800219
2019/11/13,-0.279537803
2019/11/14,-0.190377142
2019/11/15,-0.446575821
2019/11/18,0.185053306
2019/11/19,-0.27744337
2019/11/20,-0.129236584
2019/11/21,-0.275530664
2019/11/22,-0.31919357
2019/11/25,-0.238826353
2019/11/26,-0.412998509
2019/11/27,-0.354369463
2019/11/28,-0.330718065
2019/11/29,-0.358176498
2019/12/2,-0.300940174
2019/12/3,-0.278877696
2019/12/4,-0.26146206
2019/12/5,-0.161002738
2019/12/6,-0.28002455
2019/12/9,-0.347327312
2019/12/10,-0.300143831
2019/12/11,-0.300648752
2019/12/12,-0.312767086
2019/12/13,-0.367131047
2019/12/16,-0.337490747
2019/12/17,-0.240127157
2019/12/18,-0.392892775
2019/12/19,-0.430573196
2019/12/20,-0.300535562
2019/12/23,-0.364363253
2019/12/24,-0.266648302
2019/12/25,-0.302536444
2019/12/26,-0.317369685
2019/12/27,-0.301957644
2019/12/30,-0.249281649
2019/12/31,-0.312749021
2020/1/2,-0.37359451
2020/1/3,-0.31995295
2020/1/6,-0.209227258
2020/1/7,-0.266094047
2020/1/8,-0.301501589
2020/1/9,-0.394338804
2020/1/10,-0.288844042
2020/1/13,-0.226342453
2020/1/14,-0.295197774
2020/1/15,-0.363057096
2020/1/16,-0.209257456
2020/1/17,-0.342967909
2020/1/20,-0.391239597
2020/1/21,-0.432232211
2020/1/22,-0.438953583
2020/1/23,-0.413186732
2020/2/3,-0.794590618
2020/2/4,-0.382037726
2020/2/5,-0.240510943
2020/2/6,-0.223878127
2020/2/7,-0.297277769
2020/2/10,-0.313546433
2020/2/11,-0.228763498
2020/2/12,-0.316541697
2020/2/13,-0.35239206
2020/2/14,-0.321100539
2020/2/17,-0.284071599
2020/2/18,-0.276065075
2020/2/19,-0.304974809
2020/2/20,-0.344631807
2020/2/21,-0.251060848
2020/2/24,-0.440129961
2020/2/25,-0.269654267
2020/2/26,-0.387128317
2020/2/27,-0.386367135
2020/2/28,-0.590925184
2020/3/2,-0.250816699
2020/3/3,-0.202495436
2020/3/4,-0.313078327
2020/3/5,-0.262120977
2020/3/6,-0.428092006
2020/3/9,-0.521050215
2020/3/10,-0.297608965
2020/3/11,-0.322647735
2020/3/12,-0.358018164
2020/3/13,-0.313822135
2020/3/16,-0.322248839
2020/3/17,-0.416477303
2020/3/18,-0.413174403
2020/3/19,-0.242383988
2020/3/20,-0.468839065
2020/3/23,-0.561662177
2020/3/24,-0.291565444
2020/3/25,-0.300562072
2020/3/26,-0.295305025
2020/3/27,-0.298181864
2020/3/30,-0.434491294
2020/3/31,-0.333420312
2020/4/1,-0.329555608
2020/4/2,-0.313828926
2020/4/3,-0.27674541
2020/4/7,-0.276816328
2020/4/8,-0.166693343
2020/4/9,-0.314913362
2020/4/10,-0.323913229
2020/4/13,-0.259268948
2020/4/14,-0.326799022
2020/4/15,-0.322358586
2020/4/16,-0.498567972
2020/4/17,-0.265859563
2020/4/20,-0.282097954
2020/4/21,-0.464256771
2020/4/22,-0.37399948
2020/4/23,-0.192449775
2020/4/24,-0.35171668
2020/4/27,-0.318158697
2020/4/28,-0.344472662
2020/4/29,-0.351440348
2020/4/30,-0.280258986
2020/5/6,-0.187328715
2020/5/7,-0.261132993
2020/5/8,-0.332020842
2020/5/11,-0.331525193
2020/5/12,-0.398269894
2020/5/13,-0.328244746
2020/5/14,-0.35065423
2020/5/15,-0.244665251
2020/5/18,-0.316824323
2020/5/19,-0.280081987
2020/5/20,-0.290807631
2020/5/21,-0.33473763
2020/5/22,-0.386243475
2020/5/25,-0.353939181
2020/5/26,-0.273158272
2020/5/27,-0.329230854
2020/5/28,-0.343074709
2020/5/29,-0.366035736
2020/6/1,-0.211791293
2020/6/2,-0.380370399
2020/6/3,-0.253206271
2020/6/4,-0.383819271
2020/6/5,-0.204131662
2020/6/8,-0.302746403
2020/6/9,-0.293906276
2020/6/10,-0.184215503
2020/6/11,-0.357994592
2020/6/12,-0.373533928
2020/6/15,-0.328434161
2020/6/16,-0.462225837
2020/6/17,-0.336339907
2020/6/18,-0.335513352
2020/6/19,-0.324416502
2020/6/22,-0.283943692
2020/6/23,-0.325455834
2020/6/24,-0.300791478
2020/6/29,-0.473543225
2020/6/30,-0.203665201
2020/7/1,-0.330828483
2020/7/2,-0.350326176
2020/7/3,-0.153400916
2020/7/6,-0.366364467
2020/7/7,-0.235542355
2020/7/8,-0.36296476
2020/7/9,-0.19525106
2020/7/10,-0.312475597
2020/7/13,-0.32090739
2020/7/14,-0.320125434
2020/7/15,-0.326072377
2020/7/16,-0.4324128
2020/7/17,-0.302717648
2020/7/20,-0.318664244
2020/7/21,-0.322068454
2020/7/22,-0.270665781
2020/7/23,-0.324891778
2020/7/24,-0.380314791
2020/7/27,-0.262551515
2020/7/28,-0.277430728
2020/7/29,-0.337449491
2020/7/30,-0.224588333
2020/7/31,-0.283927291
2020/8/3,-0.317186416
2020/8/4,-0.350630996
2020/8/5,-0.424858416
2020/8/6,-0.191783944
2020/8/7,-0.312203459
2020/8/10,-0.243494902
2020/8/11,-0.311014852
2020/8/12,-0.405934783
2020/8/13,-0.32798106
2020/8/14,-0.237158851
2020/8/17,-0.31205942
2020/8/18,-0.298683805
2020/8/19,-0.30674751
2020/8/20,-0.332278879
2020/8/21,-0.29024232
2020/8/24,-0.185346839
2020/8/25,-0.324329238
2020/8/26,-0.297183471
2020/8/27,-0.283622834
2020/8/28,-0.286704208
2020/8/31,-0.244250866
2020/9/1,-0.314461434
2020/9/2,-0.311896621
2020/9/3,-0.396229492
2020/9/4,-0.330826725
2020/9/7,-0.342703243
2020/9/8,-0.305304437
2020/9/9,-0.459355987
2020/9/10,-0.259439195
2020/9/11,-0.305417483
2020/9/14,-0.192039712
2020/9/15,-0.3829798
2020/9/16,-0.281343014
2020/9/17,-0.340372509
2020/9/18,-0.254755841
2020/9/21,-0.264983915
2020/9/22,-0.411153495
2020/9/23,-0.363580095
2020/9/24,-0.259687491
2020/9/25,-0.215287266
2020/9/28,-0.278051526
2020/9/29,-0.33464718
2020/9/30,-0.416729506
2020/10/9,-0.067995281
2020/10/12,-0.174228902
2020/10/13,-0.38731006
2020/10/14,-0.315529315
2020/10/15,-0.329257972
2020/10/16,0.063483743
2020/10/19,-0.255048656
2020/10/20,-0.040692762
2020/10/21,-0.342046923
2020/10/22,-0.314036258
2020/10/23,-0.33412478
2020/10/26,-0.276778118
2020/10/27,-0.032787647
2020/10/28,-0.034182962
2020/10/29,-0.552880199
2020/10/30,-0.524078514
2020/11/2,-0.532051547
2020/11/3,-0.332785524
2020/11/4,-0.323091955
2020/11/5,-0.265368927
2020/11/6,-0.319054741
2020/11/9,-0.513081383
2020/11/10,-0.479411768
2020/11/11,-0.19883256
2020/11/12,-0.131644882
2020/11/13,-0.234424706
2020/11/16,-0.24650213
2020/11/17,0.074767909
2020/11/18,-0.394740857
2020/11/19,-0.220841624
2020/11/20,-0.35879959
2020/11/23,-0.153941703
2020/11/24,-0.263734871
2020/11/25,-0.275119055
2020/11/26,-0.372941571
2020/11/27,-0.022298885
2020/11/30,-0.324000467
2020/12/1,-0.285377874
2020/12/2,-0.166262696
2020/12/3,-0.365739022
2020/12/4,-0.630945102
2020/12/7,-0.300406733
2020/12/8,-0.454181631
2020/12/9,-0.451409138
2020/12/10,-0.340865219
2020/12/11,-0.191163302
2020/12/14,-0.203683195
2020/12/15,-0.309285964
2020/12/16,-0.400484938
2020/12/17,-0.220419488
2020/12/18,-0.218641468
2020/12/21,-0.239573304
2020/12/22,-0.725411118
2020/12/23,-0.28320101
2020/12/24,-0.238458988
2020/12/25,-0.309976906
2020/12/28,-0.361455702
2020/12/29,-0.440405165
2020/12/30,-0.295332789
2020/12/31,-0.242799404
2021/1/4,-0.168076975
2021/1/5,-0.183295727
2021/1/6,-0.324811774
2021/1/7,-0.106991048
2021/1/8,-0.290287146
2021/1/11,-0.612289425
2021/1/12,-0.360626974
2021/1/13,-0.3060686
2021/1/14,-0.261261278
2021/1/15,0.098070424
2021/1/18,-0.358434408
2021/1/19,-0.368943371
2021/1/20,-0.316490088
2021/1/21,-0.272655536
2021/1/22,-0.465603883
2021/1/25,-0.355203216
2021/1/26,-0.40452746
2021/1/27,-0.205672533
2021/1/28,-0.370134691
2021/1/29,-0.189628071
2021/2/1,-0.190868424
2021/2/2,-0.323884419
2021/2/3,-0.419288022
2021/2/4,-0.174592652
2021/2/5,-0.267197998
2021/2/8,-0.276122992
2021/2/9,-0.25114698
2021/2/10,-0.376020171
2021/2/18,-0.101155373
2021/2/19,-0.098395212
2021/2/22,-0.207870808
2021/2/23,-0.188349245
2021/2/24,-0.237211356
2021/2/25,0.013748748
2021/2/26,-0.710072189
2021/3/1,-0.410180455
2021/3/2,-0.491035084
2021/3/3,-0.291491308
2021/3/4,-0.450366962
2021/3/5,-0.348508191
2021/3/8,-0.170562576
2021/3/9,-0.28740591
2021/3/10,-0.292750878
2021/3/11,-0.135390461
2021/3/12,-0.3931684
2021/3/15,-0.304795693
2021/3/16,-0.384456223
2021/3/17,-0.29705552
2021/3/18,-0.337944003
2021/3/19,-0.653536957
2021/3/22,-0.236893742
2021/3/23,-0.335974908
2021/3/24,-0.363763419
2021/3/25,-0.371498865
2021/3/26,-0.371444946
2021/3/29,-0.205370807
2021/3/30,-0.372357996
2021/3/31,-0.472003441
2021/4/1,-0.32154108
2021/4/2,-0.2002267
2021/4/6,-0.293986624
2021/4/7,-0.210897347
2021/4/8,-0.259011033
2021/4/9,-0.524154791
2021/4/12,-0.608760539
2021/4/13,-0.130329724
2021/4/14,-0.299859191
2021/4/15,-0.288474895
2021/4/16,-0.277831477
2021/4/19,-0.361999637
2021/4/20,-0.211249815
2021/4/21,-0.308696281
2021/4/22,-0.275361138
2021/4/23,-0.255462638
2021/4/26,-0.435765081
2021/4/27,-0.306451193
2021/4/28,-0.251796922
2021/4/29,-0.250309296
2021/4/30,-0.350235353
2021/5/6,-0.110998225
2021/5/7,-0.285160277
2021/5/10,-0.258649979
2021/5/11,-0.491915635
2021/5/12,-0.304631102
2021/5/13,-0.548344122
2021/5/14,-0.498271954
2021/5/17,-0.261907073
2021/5/18,-0.260153198
2021/5/19,-0.319348186
2021/5/20,-0.287832799
2021/5/21,-0.197611406
2021/5/24,-0.270365378
2021/5/25,-0.331276803
2021/5/26,-0.249890796
2021/5/27,-0.362560468
2021/5/28,-0.354706089
2021/5/31,-0.390646113
2021/6/1,-0.35923098
2021/6/2,-0.386454925
2021/6/3,-0.255841608
2021/6/4,-0.280534395
2021/6/7,-0.363866817
2021/6/8,-0.43813922
2021/6/9,-0.284993222
2021/6/10,-0.340955263
2021/6/11,-0.486825054
2021/6/15,-0.340448813
2021/6/16,-0.165816834
2021/6/17,-0.292061203
2021/6/18,-0.261466742
2021/6/21,-0.408462235
2021/6/22,-0.298158509
2021/6/23,-0.198262771
2021/6/24,-0.309302675
2021/6/25,-0.210947286
2021/6/28,-0.316359523
2021/6/29,-0.453811994
2021/6/30,-0.38939371
2021/7/1,-0.325848352
2021/7/2,-0.293102858
2021/7/5,-0.127943787
2021/7/6,-0.192418773
2021/7/7,-0.286408736
2021/7/8,-0.380510758
2021/7/9,-0.253654173
2021/7/12,-0.470162412
2021/7/13,-0.207213501
2021/7/14,-0.348472305
2021/7/15,-0.315099175
2021/7/16,-0.108247715
2021/7/19,-0.319001676
2021/7/20,-0.550809619
2021/7/21,-0.311076322
2021/7/22,-0.258901466
2021/7/23,-0.230136117
2021/7/26,-0.323585888
2021/7/27,-0.337383968
2021/7/28,-0.282397104
2021/7/29,-0.289763203
2021/7/30,-0.261951132
2021/8/2,-0.260465537
2021/8/3,-0.378611794
2021/8/4,-0.287814998
2021/8/5,-0.312137146
2021/8/6,-0.231599147
2021/8/9,-0.247169261
2021/8/10,-0.304237061
2021/8/11,-0.341821782
2021/8/12,-0.234539086
2021/8/13,-0.418693604
2021/8/16,-0.324654787
2021/8/17,-0.160854391
2021/8/18,-0.271102735
2021/8/19,-0.456011249
2021/8/20,-0.424010639
2021/8/23,-0.274662132
2021/8/24,-0.280426716
2021/8/25,-0.27898533
2021/8/26,-0.431271066
2021/8/27,-0.417240006
2021/8/30,-0.32953853
2021/8/31,-0.327972457
2021/9/1,-0.303931146
2021/9/2,-0.345314745
2021/9/3,-0.264805243
2021/9/6,-0.283198926
2021/9/7,-0.314653708
2021/9/8,-0.502281507
2021/9/9,-0.33538517
2021/9/10,-0.333413013
2021/9/13,-0.227249669
2021/9/14,-0.183074898
2021/9/15,-0.320680317
2021/9/16,-0.303708062
2021/9/17,-0.333056087
2021/9/22,-0.479601035
2021/9/23,-0.304416348
2021/9/24,-0.311911366
2021/9/27,-0.191297768
2021/9/28,-0.240117308
2021/9/29,-0.327717385
2021/9/30,-0.163363351
2021/10/8,-0.227955631
2021/10/11,-0.1685754
2021/10/12,-0.246635416
2021/10/13,-0.478399286
2021/10/14,-0.23276454
2021/10/15,-0.107823325
2021/10/18,-0.465182902
2021/10/19,-0.114503065
2021/10/20,-0.322297332
2021/10/21,-0.301825807
2021/10/22,-0.561622209
2021/10/25,-0.37472275
2021/10/26,-0.254834461
2021/10/27,-0.298667285
2021/10/28,-0.162947168
2021/10/29,-0.4348636
2021/11/1,-0.383541087
2021/11/2,-0.398878129
2021/11/3,-0.224023043
2021/11/4,-0.554589697
2021/11/5,-0.296180773
2021/11/8,-0.306094163
2021/11/9,-0.338594907
2021/11/10,-0.247006699
2021/11/11,-0.278810219
2021/11/12,-0.239939101
2021/11/15,-0.287027238
2021/11/16,0.35423684
2021/11/17,-0.303052781
2021/11/18,-0.399011137
2021/11/19,-0.053481564
2021/11/22,-0.108530498
2021/11/23,-0.352852887
2021/11/24,-0.232002787
2021/11/25,-0.292813589
2021/11/26,-0.537623662
2021/11/29,-0.231726834
2021/11/30,-0.516737831
2021/12/1,-0.198447693
2021/12/2,-0.485912763
2021/12/3,-0.32584029
2021/12/6,-0.337578736
2021/12/7,-0.361958841
2021/12/8,-0.250100304
2021/12/9,-0.3989238
2021/12/10,-0.267080671
2021/12/13,-0.190451819
2021/12/14,-0.299861986
2021/12/15,-0.361056497
2021/12/16,-0.253835837
2021/12/17,-0.365856634
2021/12/20,-0.476790798
2021/12/21,-0.277242098
2021/12/22,-0.256300187
2021/12/23,-0.248584261
2021/12/24,-0.36697178
2021/12/27,-0.272776071
2021/12/28,-0.182377579
2021/12/29,-0.273408438
2021/12/30,-0.302477101
2021/12/31,-0.30299527
2022/1/4,-0.373154428
2022/1/5,-0.292112455
2022/1/6,-0.378531908
2022/1/7,-0.173426355
2022/1/10,-0.220051916
2022/1/11,-0.308905101
2022/1/12,-0.278954841
2022/1/13,-0.363516595
2022/1/14,-0.265873224
2022/1/17,-0.413886306
2022/1/18,-0.21147099
2022/1/19,-0.28367316
2022/1/20,-0.280106637
2022/1/21,-0.434291478
2022/1/24,-0.4239004
2022/1/25,-0.337757448
2022/1/26,-0.29844997
2022/1/27,-0.42187533
2022/1/28,-0.279702226
2022/2/7,-0.161434908
2022/2/8,-0.220136576
2022/2/9,-0.289779752
2022/2/10,-0.248085811
2022/2/11,-0.436567211
2022/2/14,-0.251248803
2022/2/15,-0.425661837
2022/2/16,-0.347542549
2022/2/17,-0.407334841
2022/2/18,-0.201305558
2022/2/21,-0.316412761
2022/2/22,-0.437408799
2022/2/23,-0.287310417
2022/2/24,-0.319121745
2022/2/25,-0.366829843
2022/2/28,-0.410271541
2022/3/1,-0.304727042
2022/3/2,-0.204679244
2022/3/3,-0.258170764
2022/3/4,-0.476847312
2022/3/7,-0.277538601
2022/3/8,-0.350683707
2022/3/9,-0.092403186
2022/3/10,-0.367459567
2022/3/11,-0.407039893
2022/3/14,-0.460434518
2022/3/15,-0.297829753
2022/3/16,-0.31915061
2022/3/17,-0.321996381
2022/3/18,-0.227042973
2022/3/21,-0.288906913
2022/3/22,-0.337012471
2022/3/23,-0.30467995
2022/3/24,-0.297841803
2022/3/25,-0.286098783
2022/3/28,-0.339389425
2022/3/29,-0.36006397
2022/3/30,-0.201778101
2022/3/31,-0.249503469
2022/4/1,-0.365298945
2022/4/6,-0.29042704
2022/4/7,-0.466709292
2022/4/8,-0.300207476
2022/4/11,-0.275056136
2022/4/12,-0.277836748
2022/4/13,-0.449040995
2022/4/14,-0.274360046
2022/4/15,-0.334427207
2022/4/18,-0.204483105
2022/4/19,-0.28592967
2022/4/20,-0.352218186
2022/4/21,-0.364012881
2022/4/22,-0.437995532
2022/4/25,-0.476240167
2022/4/26,-0.343017736
2022/4/27,-0.284591683
2022/4/28,-0.344125037
2022/4/29,-0.186813695
2022/5/5,-0.312781837
2022/5/6,-0.377988849
2022/5/9,-0.478451521
2022/5/10,-0.173852922
2022/5/11,-0.320861973
2022/5/12,-0.315721533
2022/5/13,-0.240418375
2022/5/16,-0.233935966
2022/5/17,-0.273912953
2022/5/18,-0.338138607
2022/5/19,-0.281602044
2022/5/20,-0.318645881
2022/5/23,-0.321270342
2022/5/24,-0.328949238
2022/5/25,-0.268925309
2022/5/26,-0.236357179
2022/5/27,-0.324522494
2022/5/30,-0.343705423
2022/5/31,-0.291728997
2022/6/1,-0.270609213
2022/6/2,-0.276972209
2022/6/6,-0.335138905
2022/6/7,-0.4001143
2022/6/8,-0.256358637
2022/6/9,-0.228842688
2022/6/10,-0.339044714
2022/6/13,-0.372072182
2022/6/14,-0.475564727
2022/6/15,-0.298944073
2022/6/16,-0.294853641
2022/6/17,-0.330885952
2022/6/20,-0.28466852
2022/6/21,-0.367226989
2022/6/22,-0.389312945
2022/6/23,-0.223600244
2022/6/24,-0.263219947
2022/6/27,-0.296429239
2022/6/28,-0.272041588
2022/6/29,-0.343056591
2022/6/30,-0.340018912
2022/7/1,-0.259262069
2022/7/4,-0.264938024
2022/7/5,-0.401410022
2022/7/6,-0.412143214
2022/7/7,-0.320826336
2022/7/8,-0.301337318
2022/7/11,-0.325474703
2022/7/12,-0.299040934
2022/7/13,-0.461655833
2022/7/14,-0.423363873
2022/7/15,-0.376561416
2022/7/18,-0.264277944
2022/7/19,-0.309818977
2022/7/20,-0.340757655
2022/7/21,-0.35930303
2022/7/22,-0.363585813
2022/7/25,-0.133164783
2022/7/26,-0.281881239
2022/7/27,-0.315384963
2022/7/28,-0.310511311
2022/7/29,-0.280896869
2022/8/1,-0.39160259
2022/8/2,-0.289333718
2022/8/3,-0.327986751
2022/8/4,-0.375206085
2022/8/5,-0.250257595
2022/8/8,-0.233829917
2022/8/9,-0.317169247
2022/8/10,-0.436360947
2022/8/11,-0.295338865
2022/8/12,-0.314396106
2022/8/15,-0.378662852
2022/8/16,-0.277279307
2022/8/17,-0.300872345
2022/8/18,-0.311936072
2022/8/19,-0.365553644
2022/8/22,-0.248441279
2022/8/23,-0.307460894
2022/8/24,-0.370344249
2022/8/25,-0.319112718
2022/8/26,-0.319324801
2022/8/29,-0.292043519
2022/8/30,-0.335222776
2022/8/31,-0.380439447
2022/9/1,-0.409437982
2022/9/2,-0.363751854
2022/9/5,-0.249048647
2022/9/6,-0.34128822
2022/9/7,-0.347182437
2022/9/8,-0.302204908
2022/9/9,-0.341359327
2022/9/13,-0.184042706
2022/9/14,-0.300220649
2022/9/15,-0.218903404
2022/9/16,-0.316932432
2022/9/19,-0.365078241
2022/9/20,-0.2647703
2022/9/21,-0.294646201
2022/9/22,-0.336028272
2022/9/23,-0.320837841
2022/9/26,-0.324913126
2022/9/27,-0.226384525
2022/9/28,-0.368178309
2022/9/29,-0.293489747
2022/9/30,-0.371037452
2022/10/10,-0.321039872
2022/10/11,-0.362959559
2022/10/12,-0.382958445
2022/10/13,-0.292901693
2022/10/14,-0.302735956
2022/10/17,-0.33086556
2022/10/18,-0.286659299
2022/10/19,-0.326531428
2022/10/20,-0.450470947
2022/10/21,-0.340298871
2022/10/24,-0.330326786
2022/10/25,-0.287995477
2022/10/26,-0.424608798
2022/10/27,-0.344673436
2022/10/28,-0.412836929
2022/10/31,-0.359878568
2022/11/1,-0.131219836
2022/11/2,-0.270293424
2022/11/3,-0.286183541
2022/11/4,-0.278200022
2022/11/7,-0.321872093
2022/11/8,-0.191682274
2022/11/9,-0.344120754
2022/11/10,-0.364506565
2022/11/11,-0.326145349
2022/11/14,-0.323043379
2022/11/15,-0.291997932
2022/11/16,0.173843187
2022/11/17,-0.226035276
2022/11/18,-0.324004955
2022/11/21,-0.500957867
2022/11/22,-0.15729745
2022/11/23,-0.306428442
2022/11/24,-0.319924218
2022/11/25,-0.314462456
2022/11/28,-0.265623323
2022/11/29,-0.315022934
2022/11/30,-0.345868465
2022/12/1,-0.264836419
2022/12/2,-0.274905947
2022/12/5,-0.324746173
2022/12/6,-0.292264667
2022/12/7,-0.296912801
2022/12/8,-0.223418811
2022/12/9,-0.272582579
2022/12/12,-0.407812896
2022/12/13,-0.317795002
2022/12/14,-0.249798536
2022/12/15,-0.33956853
2022/12/16,-0.281142029
2022/12/19,-0.423407001
2022/12/20,-0.343907125
2022/12/21,-0.27770565
2022/12/22,-0.353027973
2022/12/23,-0.340349486
2022/12/26,-0.285756569
2022/12/27,-0.236849438
2022/12/28,-0.300784066
2022/12/29,-0.3369384
2022/12/30,-0.299089742
2023/1/3,-0.103494782
2023/1/4,-0.224584615
2023/1/5,-0.334848537
2023/1/6,-0.37824442
2023/1/9,-0.376595036
2023/1/10,-0.337948581
2023/1/11,-0.233217409
2023/1/12,-0.228256822
2023/1/13,-0.273807464
2023/1/16,-0.298152569
2023/1/17,-0.453205552
2023/1/18,-0.268350405
2023/1/19,-0.388530046
2023/1/20,-0.272933443
2023/1/30,-0.337493752
2023/1/31,-0.384772145
2023/2/1,-0.325048029
2023/2/2,-0.501384447
2023/2/3,-0.342713378
2023/2/6,-0.30133029
2023/2/7,-0.311682328
2023/2/8,-0.335431012
2023/2/9,-0.334761186
2023/2/10,-0.359473725
2023/2/13,-0.306570641
2023/2/14,-0.30705261
2023/2/15,-0.326008539
2023/2/16,-0.30697637
2023/2/17,-0.337797454
2023/2/20,-0.287645093
2023/2/21,-0.306735438
2023/2/22,-0.323117209
2023/2/23,-0.272433136
2023/2/24,-0.320680494
2023/2/27,-0.346249833
2023/2/28,-0.328775854
2023/3/1,-0.27822907
2023/3/2,-0.282982245
2023/3/3,-0.315020947
2023/3/6,-0.383862929
2023/3/7,-0.317466677
2023/3/8,-0.380786519
2023/3/9,-0.365508632
2023/3/10,-0.399713668
2023/3/13,-0.337081084
2023/3/14,-0.331234917
2023/3/15,-0.296676581
2023/3/16,-0.450796117
2023/3/17,-0.271242389
2023/3/20,-0.326068879
2023/3/21,-0.287425543
2023/3/22,-0.313088006
2023/3/23,-0.330812817
2023/3/24,-0.290089809
2023/3/27,-0.253256843
2023/3/28,-0.284183414
2023/3/29,-0.345672736
2023/3/30,-0.301247523
2023/3/31,-0.304980944
2023/4/3,-0.319600613
2023/4/4,-0.405757228
2023/4/6,-0.364674204
2023/4/7,-0.390213185
2023/4/10,-0.304194465
2023/4/11,-0.291482308
2023/4/12,-0.295384263
2023/4/13,-0.338353501
2023/4/14,-0.32775747
2023/4/17,-0.283558129
2023/4/18,-0.196572332
2023/4/19,-0.275246625
2023/4/20,-0.284292273
2023/4/21,-0.392618979
2023/4/24,-0.393483165
2023/4/25,-0.203417428
2023/4/26,-0.309484913
2023/4/27,-0.41971892
2023/4/28,-0.336173537
2023/5/4,-0.308785555
2023/5/5,-0.34319955
2023/5/8,-0.173417803
2023/5/9,-0.333112414
2023/5/10,-0.302970459
2023/5/11,-0.300567101
2023/5/12,-0.360972016
2023/5/15,-0.205277903
2023/5/16,-0.320687131
2023/5/17,-0.275040027
2023/5/18,-0.349935748
2023/5/19,-0.305617277
2023/5/22,-0.332719731
2023/5/23,-0.397290073
2023/5/24,-0.392652089
2023/5/25,-0.353010871
2023/5/26,-0.267635557
2023/5/29,-0.292164901
2023/5/30,-0.315744082
2023/5/31,-0.345860441
2023/6/1,-0.336261636
2023/6/2,-0.233777762
2023/6/5,-0.314681381
2023/6/6,-0.386197065
2023/6/7,-0.211082986
2023/6/8,-0.291560453
2023/6/9,-0.330776681
2023/6/12,-0.408299205
2023/6/13,-0.298043646
2023/6/14,-0.249530195
2023/6/15,-0.297054872
2023/6/16,-0.259438359
2023/6/19,-0.333300926
2023/6/20,-0.327513275
2023/6/21,-0.324435322
2023/6/26,-0.400720753
2023/6/27,-0.290386183
2023/6/28,-0.311929387
2023/6/29,-0.332660665
2023/6/30,-0.243265473
2023/7/3,-0.285251776
2023/7/4,-0.334030127
2023/7/5,-0.273515891
2023/7/6,-0.181988707
2023/7/7,-0.292453982
2023/7/10,-0.36580213
2023/7/11,-0.32320686
2023/7/12,-0.306064516
2023/7/13,-0.346646735
2023/7/14,-0.252286197
2023/7/17,-0.42166642
2023/7/18,-0.308151508
2023/7/19,-0.28796046
2023/7/20,-0.283951675
2023/7/21,-0.377916291
2023/7/24,-0.340760959
2023/7/25,-0.289634568
2023/7/26,-0.281911313
2023/7/27,-0.31691544
2023/7/28,-0.306148306
2023/7/31,-0.277262803
2023/8/1,-0.350886356
2023/8/2,-0.30436647
2023/8/3,-0.402200559
2023/8/4,-0.318420642
2023/8/7,-0.336777884
2023/8/8,-0.31706087
2023/8/9,-0.313064785
2023/8/10,-0.318590462
2023/8/11,-0.311680039
2023/8/14,-0.366133944
2023/8/15,-0.327225164
2023/8/16,-0.31220124
2023/8/17,-0.287587919
2023/8/18,-0.315164175
2023/8/21,-0.24929318
2023/8/22,-0.30917803
2023/8/23,-0.263148185
2023/8/24,-0.319011986
2023/8/25,-0.3080628
2023/8/28,-0.312797343
2023/8/29,-0.309553348
2023/8/30,-0.282196009
2023/8/31,-0.309825256
2023/9/1,0.0250341
2023/9/4,-0.352041448
2023/9/5,-0.317134553
2023/9/6,-0.285438261
2023/9/7,-0.244580416
2023/9/8,-0.424659284
2023/9/11,-0.270145671
2023/9/12,-0.32375156
2023/9/13,-0.370249647
2023/9/14,-0.252042577
2023/9/15,-0.377180402
2023/9/18,-0.247776275
2023/9/19,-0.308628027
2023/9/20,-0.31372944
2023/9/21,-0.380763794
2023/9/22,-0.240503358
2023/9/25,-0.359276236
2023/9/26,-0.383317778
2023/9/27,-0.314882987
2023/9/28,-0.313464085
2023/10/9,-0.238892346
2023/10/10,-0.350555651
2023/10/11,-0.104615904
2023/10/12,-0.268376388
2023/10/13,-0.302601507
2023/10/16,-0.288381184
2023/10/17,-0.240608956
2023/10/18,-0.349042538
2023/10/19,-0.346999841
2023/10/20,-0.390661801
2023/10/23,-0.306673201
2023/10/24,-0.290220484
2023/10/25,-0.260297273
2023/10/26,-0.329150795
2023/10/27,-0.380051928
2023/10/30,-0.379294159
2023/10/31,-0.349219832
2023/11/1,-0.33433424
2023/11/2,-0.299414299
2023/11/3,-0.264159125
2023/11/6,-0.334697514
2023/11/7,-0.362454849
2023/11/8,-0.352269841
2023/11/9,-0.272049252
2023/11/10,-0.217974541
2023/11/13,-0.281180005
2023/11/14,-0.290588626
2023/11/15,-0.305878547
2023/11/16,0.397215029
2023/11/17,-0.436697261
2023/11/20,-0.228128788
2023/11/21,-0.441722253
2023/11/22,-0.418627937
